{"model": null, "reduction_technique": "SVD", "latent_features": {"matrix_mxk": [[-0.25383787643677497, 0.6709478217273429, -0.576275381279872, -0.02770894300629957, 1.2311627738924743e-17], [-0.2946109094611942, -0.12619413844131117, -0.5440186509070991, 0.054853904675890755, 6.51632612618308e-18], [-0.2569498157449852, 0.6475297755052728, 0.5836300105533087, 0.029525218458567898, -1.6557296263795265e-17], [-0.2949100451497734, -0.11284783552833856, 0.05894413043393383, -0.2224098438422837, 1.0403381397289614e-16], [-0.2949100631815018, -0.11284690313059126, 0.058985323190573834, -0.16739649407107773, -6.398014668784951e-16], [-0.2949100583154395, -0.1128471547504793, 0.058974198929685584, -0.01851066122949661, 0.7071067811865472], [-0.2949100583154395, -0.1128471547504793, 0.058974198929685584, -0.018510661229498755, -0.7071067811865479], [-0.29491007396959223, -0.11284634528253425, 0.059009954080914584, 0.6479596256277302, 6.071029060987383e-16], [-0.294910053231844, -0.11284741761723491, 0.05896259284612349, 0.04422921243059372, 1.0211085012694086e-16], [-0.29491007748096754, -0.11284616370910434, 0.05901797318345015, 0.42550189165970986, 4.114488773199154e-16], [-0.29491009046309447, -0.11284549239587534, 0.05904763406104739, -0.24164395141879894, -8.722739053260995e-17], [-0.29491009669254065, -0.11284517026392295, 0.059061880697604194, -0.5058922339111076, 3.198107317515369e-17]], "matrix_kxk": [130.23149246821316, 0.3453063798261858, 2.217390934836779e-07, 5.01968394206009e-16, 6.031666311394156e-31], "matrix_nxm": [[1.0, 0.8038142419751959, 0.9994668493384942, 0.8097791624238531, 0.8097795710923926, 0.8097794608078822, 0.8097794608078822, 0.8097798155958411, 0.8097793455938012, 0.8097798951789515, 0.809780189413235, 0.8097803306023601], [0.8038142419751959, 1.0, 0.8157162336166142, 0.9998615544895045, 0.9998615354176257, 0.9998615405645507, 0.9998615405645507, 0.9998615240064217, 0.999861545941433, 0.999861520292101, 0.999861506559095, 0.9998614999690294], [0.9994668493384942, 0.8157162336166142, 1.0, 0.8218374497943886, 0.8218378687740888, 0.8218377557069828, 0.8218377557069828, 0.8218381194466067, 0.8218376375859239, 0.8218382010376755, 0.8218385026957563, 0.8218386474472015], [0.8097791624238531, 0.9998615544895045, 0.8218374497943886, 1.0, 0.9999999999993429, 0.9999999999996497, 0.9999999999996497, 0.999999999998322, 0.9999999999998679, 0.9999999999978881, 0.9999999999958515, 0.9999999999946325], [0.8097795710923926, 0.9998615354176257, 0.8218378687740888, 0.9999999999993429, 1.0, 0.999999999999952, 0.999999999999952, 0.999999999999765, 0.9999999999998, 0.999999999999587, 0.9999999999984963, 0.999999999997731], [0.8097794608078822, 0.9998615405645507, 0.8218377557069828, 0.9999999999996497, 0.999999999999952, 1.0, 1.0, 0.9999999999995048, 0.9999999999999478, 0.9999999999992579, 0.9999999999979119, 0.9999999999970243], [0.8097794608078822, 0.9998615405645507, 0.8218377557069828, 0.9999999999996497, 0.999999999999952, 1.0, 1.0, 0.9999999999995048, 0.9999999999999478, 0.9999999999992579, 0.9999999999979119, 0.9999999999970243], [0.8097798155958411, 0.9998615240064217, 0.8218381194466067, 0.999999999998322, 0.999999999999765, 0.9999999999995048, 0.9999999999995048, 1.0, 0.9999999999991311, 0.9999999999999752, 0.9999999999994504, 0.9999999999989568], [0.8097793455938012, 0.999861545941433, 0.8218376375859239, 0.9999999999998679, 0.9999999999998, 0.9999999999999478, 0.9999999999999478, 0.9999999999991311, 1.0, 0.9999999999988121, 0.9999999999971994, 0.9999999999961838], [0.8097798951789515, 0.999861520292101, 0.8218382010376755, 0.9999999999978881, 0.999999999999587, 0.9999999999992579, 0.9999999999992579, 0.9999999999999752, 0.9999999999988121, 1.0, 0.9999999999996595, 0.9999999999992543], [0.809780189413235, 0.999861506559095, 0.8218385026957563, 0.9999999999958515, 0.9999999999984963, 0.9999999999979119, 0.9999999999979119, 0.9999999999994504, 0.9999999999971994, 0.9999999999996595, 1.0, 0.9999999999999217], [0.8097803306023601, 0.9998614999690294, 0.8218386474472015, 0.9999999999946325, 0.999999999997731, 0.9999999999970243, 0.9999999999970243, 0.9999999999989568, 0.9999999999961838, 0.9999999999992543, 0.9999999999999217, 1.0]]}, "task_id": "task_3", "task_output": [[-0.25383787643677497, 0.6709478217273429, -0.576275381279872, -0.02770894300629957, 1.2311627738924743e-17], [-0.2946109094611942, -0.12619413844131117, -0.5440186509070991, 0.054853904675890755, 6.51632612618308e-18], [-0.2569498157449852, 0.6475297755052728, 0.5836300105533087, 0.029525218458567898, -1.6557296263795265e-17], [-0.2949100451497734, -0.11284783552833856, 0.05894413043393383, -0.2224098438422837, 1.0403381397289614e-16], [-0.2949100631815018, -0.11284690313059126, 0.058985323190573834, -0.16739649407107773, -6.398014668784951e-16], [-0.2949100583154395, -0.1128471547504793, 0.058974198929685584, -0.01851066122949661, 0.7071067811865472], [-0.2949100583154395, -0.1128471547504793, 0.058974198929685584, -0.018510661229498755, -0.7071067811865479], [-0.29491007396959223, -0.11284634528253425, 0.059009954080914584, 0.6479596256277302, 6.071029060987383e-16], [-0.294910053231844, -0.11284741761723491, 0.05896259284612349, 0.04422921243059372, 1.0211085012694086e-16], [-0.29491007748096754, -0.11284616370910434, 0.05901797318345015, 0.42550189165970986, 4.114488773199154e-16], [-0.29491009046309447, -0.11284549239587534, 0.05904763406104739, -0.24164395141879894, -8.722739053260995e-17], [-0.29491009669254065, -0.11284517026392295, 0.059061880697604194, -0.5058922339111076, 3.198107317515369e-17]]}