{"model": null, "reduction_technique": "PCA", "latent_features": {"matrix_mxk": [[-0.2565750182613196, -0.3069603704407068, -0.2898519727668367, 0.2628445191789548, -0.24459257702066234], [-0.32607838134199435, -0.2772434468593796, -0.29076847951937856, 0.26969167588551785, -0.04220078798391018], [0.3426662409408893, -0.15933943383495527, -0.11742712180998979, 0.24316418617147675, -0.09420613812675581], [-0.3427188549536769, -0.255841822128828, -0.3046110381829408, 0.2534161023889839, 0.28574376562019904], [0.3689909019796665, -0.1313404277487327, -0.21028272475121995, 0.1184922879761495, 0.32884180733706236], [0.3740764235464623, -0.10953178485081298, -0.10945703274414499, 0.22871519631850673, -0.17417620976325646], [-0.048013468480983965, 0.39192793765867145, -0.11129430619127474, 0.28271800461227037, 0.060441640729014284], [0.3790660643747879, 0.0034172397066085857, -0.12311636298164512, 0.19047011904874558, -0.0010446946234252687], [0.3790660643747879, 0.0034172397066085875, -0.12311636298164517, 0.1904701190487453, -0.0010446946226042137], [-0.16353636975841482, 0.5435877676081953, 0.22267147117777192, 0.639411774452379, -0.08636109623930797], [0.0014072380722878355, 0.3321749848320684, -0.5764532572767286, -0.274722040993317, -0.6092029046167439], [-0.02108901556925578, 0.3864725658572883, -0.494044738030947, -0.17796834893779395, 0.571973067340851]], "matrix_kxk": [0.08143782006048869, 0.013684128408033524, 0.005761572809150538, 0.0012434634322479586, 8.283614560721076e-07], "matrix_nxm": [[1.0, 0.9972965995561632, 0.8201091133437007, 0.9952645716882408, 0.8031829178102007, 0.7977490825294592, 0.879605608861452, 0.7834728580645668, 0.7834728580645668, 0.8125396224278016, 0.8562799290896702, 0.8586647145648895], [0.9972965995561632, 1.0, 0.7792999430410215, 0.9995677871823958, 0.7612032844059601, 0.7554928028457614, 0.8706704090584464, 0.7422048321736598, 0.7422048321736598, 0.8146552768957814, 0.8428417753074293, 0.8480623344409808], [0.8201091133437007, 0.7792999430410215, 1.0, 0.7686674064235275, 0.9970063580729313, 0.9989747208951055, 0.8677010888931185, 0.9939481539678974, 0.9939481539678974, 0.7547037722447252, 0.8533813817638184, 0.8493593456706107], [0.9952645716882408, 0.9995677871823958, 0.7686674064235275, 1.0, 0.7514399906938588, 0.744737152520527, 0.8706938230654127, 0.732607811447653, 0.732607811447653, 0.8159621262750045, 0.8438865371331247, 0.8505603576996366], [0.8031829178102007, 0.7612032844059601, 0.9970063580729313, 0.7514399906938588, 1.0, 0.99740206557164, 0.8596728892741771, 0.994968993805442, 0.994968993805442, 0.7317639403720964, 0.866047282039655, 0.8598822250252177], [0.7977490825294592, 0.7554928028457614, 0.9989747208951055, 0.744737152520527, 0.99740206557164, 1.0, 0.8652126296084789, 0.997328866745118, 0.997328866745118, 0.7521106709927133, 0.8520390069100535, 0.8479891905168435], [0.879605608861452, 0.8706704090584464, 0.8677010888931185, 0.8706938230654127, 0.8596728892741771, 0.8652126296084789, 1.0, 0.8822242236532329, 0.8822242236532329, 0.9635007909580426, 0.948165820642177, 0.9657440129568825], [0.7834728580645668, 0.7422048321736598, 0.9939481539678974, 0.732607811447653, 0.994968993805442, 0.997328866745118, 0.8822242236532329, 1.0, 1.0, 0.7718775922654864, 0.8709897492301439, 0.86901758354099], [0.7834728580645668, 0.7422048321736598, 0.9939481539678974, 0.732607811447653, 0.994968993805442, 0.997328866745118, 0.8822242236532329, 1.0, 1.0, 0.7718775922654864, 0.8709897492301439, 0.86901758354099], [0.8125396224278016, 0.8146552768957814, 0.7547037722447252, 0.8159621262750045, 0.7317639403720964, 0.7521106709927133, 0.9635007909580426, 0.7718775922654864, 0.7718775922654864, 1.0, 0.8384487246516815, 0.8724058884784052], [0.8562799290896702, 0.8428417753074293, 0.8533813817638184, 0.8438865371331247, 0.866047282039655, 0.8520390069100535, 0.948165820642177, 0.8709897492301439, 0.8709897492301439, 0.8384487246516815, 1.0, 0.995558624862914], [0.8586647145648895, 0.8480623344409808, 0.8493593456706107, 0.8505603576996366, 0.8598822250252177, 0.8479891905168435, 0.9657440129568825, 0.86901758354099, 0.86901758354099, 0.8724058884784052, 0.995558624862914, 1.0]]}, "task_id": "task_3", "task_output": [[0.3549020520320096, 0.24643875928336234, -2.2632272543586827, 1.9397026339507693, -0.0035358499661520826], [0.2769593480107056, 0.2508673887740613, -2.2216840079889955, 1.9049340298859063, -0.002873489435599119], [0.9280261530844893, 0.3046829594065381, -2.219693572179177, 1.931221331199697, -0.003064408382855932], [0.258662248291533, 0.2576214084737514, -2.2158070206885596, 1.8946453350925856, -0.0018693429581289056], [0.9483713914771987, 0.31222416745672743, -2.221349710372416, 1.8948920598878418, -0.001746507892875282], [0.9530393171088443, 0.3209312303192657, -2.1987578927231555, 1.9124301765044378, -0.003279858390983492], [0.574433521558012, 0.5298065468645652, -2.2883881542368467, 1.9999181671561619, -0.0026949469823173144], [0.9591315652575435, 0.36536621692279264, -2.205129852725704, 1.9094164669394595, -0.0027560731899783364], [0.9591315652575435, 0.36536621692279264, -2.205129852725704, 1.9094164669394595, -0.0027560731899783364], [0.4143776960063092, 0.5593818390750458, -2.034723410037086, 1.9025487757178836, -0.0029581081102370566], [0.6050635234151589, 0.49479947529813517, -2.3275067491975903, 1.8553089284949467, -0.004569794318540321], [0.5873017868977868, 0.5183825669805291, -2.323080337639368, 1.8827608938372358, -0.0010294074591237212]]}