{"model": null, "reduction_technique": "LDA", "latent_features": {"matrix_nxk": [[0.6852192921423776, 0.06126444450695871, 0.06126444450610376, 0.06126444450655664, 0.13098737433800325], [0.018237554937650644, 0.01810684196747371, 0.018106841967377663, 0.018106841967428372, 0.9274419191600696], [0.5699632984800678, 0.05154752883477628, 0.051547528834301824, 0.05154752883455185, 0.2753941150163024], [0.018718130337429056, 0.018001331501702352, 0.01800133150156859, 0.018001331501638896, 0.927277875157661], [0.01871817364527267, 0.0180013250915878, 0.018001325091454037, 0.018001325091524342, 0.9272778510801611], [0.018718161957889858, 0.018001326821429457, 0.018001326821295693, 0.018001326821366, 0.9272778575780191], [0.018718161957889858, 0.018001326821429457, 0.018001326821295693, 0.018001326821366, 0.9272778575780191], [0.018718199557010002, 0.01800132125651559, 0.018001321256381823, 0.01800132125645213, 0.9272778366736405], [0.018718149748253737, 0.01800132862860138, 0.01800132862846762, 0.018001328628537924, 0.9272778643661392], [0.018718207991143796, 0.01800132000825151, 0.018001320008117744, 0.018001320008188052, 0.9272778319842988], [0.018718239174447, 0.01800131539321238, 0.018001315393078608, 0.018001315393148924, 0.9272778146461131], [0.018718254138212143, 0.01800131317869373, 0.018001313178559963, 0.018001313178630275, 0.9272778063259038]], "matrix_nxm": [[1.0, 0.8038142419751959, 0.9994668493384942, 0.8097791624238531, 0.8097795710923926, 0.8097794608078822, 0.8097794608078822, 0.8097798155958411, 0.8097793455938012, 0.8097798951789515, 0.809780189413235, 0.8097803306023601], [0.8038142419751959, 1.0, 0.8157162336166142, 0.9998615544895045, 0.9998615354176257, 0.9998615405645507, 0.9998615405645507, 0.9998615240064217, 0.999861545941433, 0.999861520292101, 0.999861506559095, 0.9998614999690294], [0.9994668493384942, 0.8157162336166142, 1.0, 0.8218374497943886, 0.8218378687740888, 0.8218377557069828, 0.8218377557069828, 0.8218381194466067, 0.8218376375859239, 0.8218382010376755, 0.8218385026957563, 0.8218386474472015], [0.8097791624238531, 0.9998615544895045, 0.8218374497943886, 1.0, 0.9999999999993429, 0.9999999999996497, 0.9999999999996497, 0.999999999998322, 0.9999999999998679, 0.9999999999978881, 0.9999999999958515, 0.9999999999946325], [0.8097795710923926, 0.9998615354176257, 0.8218378687740888, 0.9999999999993429, 1.0, 0.999999999999952, 0.999999999999952, 0.999999999999765, 0.9999999999998, 0.999999999999587, 0.9999999999984963, 0.999999999997731], [0.8097794608078822, 0.9998615405645507, 0.8218377557069828, 0.9999999999996497, 0.999999999999952, 1.0, 1.0, 0.9999999999995048, 0.9999999999999478, 0.9999999999992579, 0.9999999999979119, 0.9999999999970243], [0.8097794608078822, 0.9998615405645507, 0.8218377557069828, 0.9999999999996497, 0.999999999999952, 1.0, 1.0, 0.9999999999995048, 0.9999999999999478, 0.9999999999992579, 0.9999999999979119, 0.9999999999970243], [0.8097798155958411, 0.9998615240064217, 0.8218381194466067, 0.999999999998322, 0.999999999999765, 0.9999999999995048, 0.9999999999995048, 1.0, 0.9999999999991311, 0.9999999999999752, 0.9999999999994504, 0.9999999999989568], [0.8097793455938012, 0.999861545941433, 0.8218376375859239, 0.9999999999998679, 0.9999999999998, 0.9999999999999478, 0.9999999999999478, 0.9999999999991311, 1.0, 0.9999999999988121, 0.9999999999971994, 0.9999999999961838], [0.8097798951789515, 0.999861520292101, 0.8218382010376755, 0.9999999999978881, 0.999999999999587, 0.9999999999992579, 0.9999999999992579, 0.9999999999999752, 0.9999999999988121, 1.0, 0.9999999999996595, 0.9999999999992543], [0.809780189413235, 0.999861506559095, 0.8218385026957563, 0.9999999999958515, 0.9999999999984963, 0.9999999999979119, 0.9999999999979119, 0.9999999999994504, 0.9999999999971994, 0.9999999999996595, 1.0, 0.9999999999999217], [0.8097803306023601, 0.9998614999690294, 0.8218386474472015, 0.9999999999946325, 0.999999999997731, 0.9999999999970243, 0.9999999999970243, 0.9999999999989568, 0.9999999999961838, 0.9999999999992543, 0.9999999999999217, 1.0]]}, "task_id": "task_3", "task_output": [[0.6852192921423776, 0.06126444450695871, 0.06126444450610376, 0.06126444450655664, 0.13098737433800325], [0.018237554937650644, 0.01810684196747371, 0.018106841967377663, 0.018106841967428372, 0.9274419191600696], [0.5699632984800678, 0.05154752883477628, 0.051547528834301824, 0.05154752883455185, 0.2753941150163024], [0.018718130337429056, 0.018001331501702352, 0.01800133150156859, 0.018001331501638896, 0.927277875157661], [0.01871817364527267, 0.0180013250915878, 0.018001325091454037, 0.018001325091524342, 0.9272778510801611], [0.018718161957889858, 0.018001326821429457, 0.018001326821295693, 0.018001326821366, 0.9272778575780191], [0.018718161957889858, 0.018001326821429457, 0.018001326821295693, 0.018001326821366, 0.9272778575780191], [0.018718199557010002, 0.01800132125651559, 0.018001321256381823, 0.01800132125645213, 0.9272778366736405], [0.018718149748253737, 0.01800132862860138, 0.01800132862846762, 0.018001328628537924, 0.9272778643661392], [0.018718207991143796, 0.01800132000825151, 0.018001320008117744, 0.018001320008188052, 0.9272778319842988], [0.018718239174447, 0.01800131539321238, 0.018001315393078608, 0.018001315393148924, 0.9272778146461131], [0.018718254138212143, 0.01800131317869373, 0.018001313178559963, 0.018001313178630275, 0.9272778063259038]]}