{"model": null, "reduction_technique": "LDA", "latent_features": {"matrix_nxk": [[0.90788792207244, 0.023028019481891142, 0.023028019481892262, 0.02302801948188604, 0.023028019481890365], [0.9124791714811301, 0.021880207129718714, 0.02188020712971958, 0.021880207129713572, 0.021880207129717843], [0.9107219512076336, 0.022319512198092764, 0.022319512198093847, 0.022319512198087844, 0.022319512198092084], [0.9058728788798556, 0.023531780280036142, 0.023531780280037707, 0.023531780280032773, 0.023531780280037717], [0.9161017266757474, 0.020974568331066378, 0.020974568331066108, 0.020974568331058492, 0.02097456833106171], [0.9161017266757474, 0.020974568331066378, 0.020974568331066108, 0.020974568331058492, 0.02097456833106171], [0.9158831041260869, 0.021029223968480643, 0.021029223968480715, 0.021029223968474117, 0.021029223968477617], [0.8653264661068013, 0.03366838347331506, 0.03366838347331095, 0.03366838347328581, 0.03366838347328698], [0.8861838373110529, 0.028454040672238706, 0.028454040672241478, 0.0284540406722302, 0.02845404067223678], [0.9102195974819652, 0.022445100629511806, 0.022445100629511588, 0.0224451006295039, 0.022445100629507518], [0.8914108968390902, 0.027147275790228548, 0.027147275790231237, 0.027147275790221647, 0.02714727579022822], [0.8567910443451744, 0.03580223891372513, 0.035802238913719024, 0.035802238913690804, 0.03580223891369069]], "matrix_nxm": [[1.0, 0.9530416078275601, 0.9989728594325847, 0.9933610310587054, 0.9283518479713192, 0.9283518479713192, 0.9474384096019812, 0.8549396597620554, 0.9062186093909922, 0.9144003799680448, 0.8991814014934466, 0.8460158221197572], [0.9530416078275601, 1.0, 0.9628657768192126, 0.9668839598478128, 0.9669439770973728, 0.9669439770973728, 0.9829394811849619, 0.8418735100919021, 0.9026646541224245, 0.9559824210457357, 0.9182536172673882, 0.8396899017299125], [0.9989728594325847, 0.9628657768192126, 1.0, 0.995967740123635, 0.9365111948719974, 0.9365111948719974, 0.956537695952657, 0.8539215059454252, 0.9096290318364869, 0.9241181212130293, 0.9039529536345619, 0.8444311347081467], [0.9933610310587054, 0.9668839598478128, 0.995967740123635, 1.0, 0.9370443144775847, 0.9370443144775847, 0.9609503516194866, 0.8169059120842245, 0.8920873714633959, 0.9278094921200976, 0.8989469180345918, 0.8073736127198194], [0.9283518479713192, 0.9669439770973728, 0.9365111948719974, 0.9370443144775847, 1.0, 1.0, 0.9927217904593091, 0.891523808508422, 0.8823434862597984, 0.9963153544534141, 0.9056867757885722, 0.8967771001659981], [0.9283518479713192, 0.9669439770973728, 0.9365111948719974, 0.9370443144775847, 1.0, 1.0, 0.9927217904593091, 0.891523808508422, 0.8823434862597984, 0.9963153544534141, 0.9056867757885722, 0.8967771001659981], [0.9474384096019812, 0.9829394811849619, 0.956537695952657, 0.9609503516194866, 0.9927217904593091, 0.9927217904593091, 1.0, 0.8650661524045065, 0.8749961604686259, 0.9880917481657937, 0.8990470158500964, 0.8688947785464142], [0.8549396597620554, 0.8418735100919021, 0.8539215059454252, 0.8169059120842245, 0.891523808508422, 0.891523808508422, 0.8650661524045065, 1.0, 0.8930476463227658, 0.8687954150551118, 0.870217946042272, 0.993538143440928], [0.9062186093909922, 0.9026646541224245, 0.9096290318364869, 0.8920873714633959, 0.8823434862597984, 0.8823434862597984, 0.8749961604686259, 0.8930476463227658, 1.0, 0.8702663936697143, 0.9758879908630661, 0.8616083884868566], [0.9144003799680448, 0.9559824210457357, 0.9241181212130293, 0.9278094921200976, 0.9963153544534141, 0.9963153544534141, 0.9880917481657937, 0.8687954150551118, 0.8702663936697143, 1.0, 0.8965483438389344, 0.8751119907385218], [0.8991814014934466, 0.9182536172673882, 0.9039529536345619, 0.8989469180345918, 0.9056867757885722, 0.9056867757885722, 0.8990470158500964, 0.870217946042272, 0.9758879908630661, 0.8965483438389344, 1.0, 0.8428710732745045], [0.8460158221197572, 0.8396899017299125, 0.8444311347081467, 0.8073736127198194, 0.8967771001659981, 0.8967771001659981, 0.8688947785464142, 0.993538143440928, 0.8616083884868566, 0.8751119907385218, 0.8428710732745045, 1.0]]}, "task_id": "task_3", "task_output": [[0.90788792207244, 0.023028019481891142, 0.023028019481892262, 0.02302801948188604, 0.023028019481890365], [0.9124791714811301, 0.021880207129718714, 0.02188020712971958, 0.021880207129713572, 0.021880207129717843], [0.9107219512076336, 0.022319512198092764, 0.022319512198093847, 0.022319512198087844, 0.022319512198092084], [0.9058728788798556, 0.023531780280036142, 0.023531780280037707, 0.023531780280032773, 0.023531780280037717], [0.9161017266757474, 0.020974568331066378, 0.020974568331066108, 0.020974568331058492, 0.02097456833106171], [0.9161017266757474, 0.020974568331066378, 0.020974568331066108, 0.020974568331058492, 0.02097456833106171], [0.9158831041260869, 0.021029223968480643, 0.021029223968480715, 0.021029223968474117, 0.021029223968477617], [0.8653264661068013, 0.03366838347331506, 0.03366838347331095, 0.03366838347328581, 0.03366838347328698], [0.8861838373110529, 0.028454040672238706, 0.028454040672241478, 0.0284540406722302, 0.02845404067223678], [0.9102195974819652, 0.022445100629511806, 0.022445100629511588, 0.0224451006295039, 0.022445100629507518], [0.8914108968390902, 0.027147275790228548, 0.027147275790231237, 0.027147275790221647, 0.02714727579022822], [0.8567910443451744, 0.03580223891372513, 0.035802238913719024, 0.035802238913690804, 0.03580223891369069]]}