{"model": null, "reduction_technique": "KMeans", "latent_features": {"centroids_kxm": [[1.0000000000000004, 1.0000000000000004, 0.9999999999999999, 0.9999999999999996, 1.0, 1.0000000000000002, 0.9999999999999998, 0.9999999999999999, 0.9999999999999998, 1.0, 1.0000000000000002, 1.0], [1.0, 1.0, 0.9999999999999999, 0.9999999999999998, 0.9999999999999998, 1.0, 1.0000000000000002, 1.0, 1.0000000000000002, 1.0000000000000004, 0.9999999999999997, 1.0000000000000004], [1.0, 1.0, 1.0, 1.0, 1.0, 1.0, 1.0, 1.0000000000000002, 0.9999999999999999, 1.0000000000000004, 1.0, 1.0], [1.0000000000000002, 1.0000000000000002, 0.9999999999999999, 0.9999999999999996, 0.9999999999999999, 0.9999999999999997, 0.9999999999999998, 1.0000000000000002, 1.0, 0.9999999999999999, 1.0, 0.9999999999999998], [0.9999999999999999, 0.9999999999999998, 0.9999999999999997, 1.0, 1.0, 1.0000000000000002, 1.0, 0.9999999999999999, 0.9999999999999996, 0.9999999999999998, 1.0, 0.9999999999999996]], "matrix_nxm": [[1.0, 1.0000000000000002, 0.9999999999999998, 0.9999999999999999, 0.9999999999999998, 1.0000000000000002, 1.0000000000000002, 1.0, 1.0000000000000002, 1.0000000000000002, 0.9999999999999997, 1.0000000000000004], [1.0000000000000002, 1.0, 1.0, 0.9999999999999998, 0.9999999999999998, 1.0, 1.0000000000000002, 1.0000000000000002, 1.0000000000000002, 1.0000000000000004, 0.9999999999999997, 1.0000000000000004], [0.9999999999999998, 1.0, 1.0, 0.9999999999999997, 0.9999999999999998, 0.9999999999999998, 1.0, 0.9999999999999999, 0.9999999999999999, 1.0000000000000004, 0.9999999999999998, 0.9999999999999999], [0.9999999999999999, 0.9999999999999998, 0.9999999999999997, 1.0, 1.0, 1.0000000000000002, 1.0, 0.9999999999999999, 0.9999999999999996, 0.9999999999999998, 1.0, 0.9999999999999996], [0.9999999999999998, 0.9999999999999998, 0.9999999999999998, 1.0, 1.0, 1.0000000000000002, 1.0000000000000002, 1.0000000000000002, 0.9999999999999999, 1.0000000000000002, 0.9999999999999998, 1.0], [1.0000000000000002, 1.0, 0.9999999999999998, 1.0000000000000002, 1.0000000000000002, 1.0, 1.0, 1.0, 0.9999999999999997, 1.0000000000000002, 1.0000000000000002, 1.0000000000000002], [1.0000000000000002, 1.0000000000000002, 1.0, 1.0, 1.0000000000000002, 1.0, 1.0, 0.9999999999999999, 0.9999999999999998, 1.0000000000000004, 0.9999999999999998, 0.9999999999999998], [1.0, 1.0000000000000002, 0.9999999999999999, 0.9999999999999999, 1.0000000000000002, 1.0, 0.9999999999999999, 1.0, 1.0000000000000002, 1.0000000000000007, 1.0000000000000002, 0.9999999999999999], [1.0000000000000002, 1.0000000000000002, 0.9999999999999999, 0.9999999999999996, 0.9999999999999999, 0.9999999999999997, 0.9999999999999998, 1.0000000000000002, 1.0, 0.9999999999999999, 1.0, 0.9999999999999998], [1.0000000000000002, 1.0000000000000004, 1.0000000000000004, 0.9999999999999998, 1.0000000000000002, 1.0000000000000002, 1.0000000000000004, 1.0000000000000007, 0.9999999999999999, 1.0, 0.9999999999999998, 1.0], [0.9999999999999997, 0.9999999999999997, 0.9999999999999998, 1.0, 0.9999999999999998, 1.0000000000000002, 0.9999999999999998, 1.0000000000000002, 1.0, 0.9999999999999998, 1.0, 1.0000000000000002], [1.0000000000000004, 1.0000000000000004, 0.9999999999999999, 0.9999999999999996, 1.0, 1.0000000000000002, 0.9999999999999998, 0.9999999999999999, 0.9999999999999998, 1.0, 1.0000000000000002, 1.0]]}, "task_id": "task_3", "task_output": [[1.1749496091904413e-15, 4.1540741810552243e-16, 8.81212206892831e-16, 1.2060109012779447e-15, 1.3732700395566711e-15], [1.2707083321416676e-15, 3.3306690738754696e-16, 7.850462293418876e-16, 1.159106867033638e-15, 1.538370149106851e-15], [1.1749496091904413e-15, 7.850462293418876e-16, 6.568167990716596e-16, 9.155133597044475e-16, 1.1157603309187458e-15], [1.1801832636420706e-15, 1.4518049907399379e-15, 1.041481514324134e-15, 1.137640067256873e-15, 0.0], [1.2899625854847774e-15, 8.233634315563857e-16, 5.874748045952207e-16, 1.159106867033638e-15, 8.599750569898517e-16], [9.867878089448544e-16, 1.1046579618885443e-15, 6.661338147750939e-16, 1.137640067256873e-15, 1.0175362097255202e-15], [9.485749680535094e-16, 1.0355470984145593e-15, 6.080941944488118e-16, 9.992007221626409e-16, 1.0532500405730103e-15], [1.0648885158809838e-15, 1.0175362097255202e-15, 6.377745716588144e-16, 1.076401158743041e-15, 1.336885555457667e-15], [8.308148362110449e-16, 1.1957467920563633e-15, 9.222205069512407e-16, 0.0, 1.137640067256873e-15], [1.3089336417583914e-15, 1.3460738804684947e-15, 1.1102230246251565e-15, 1.2609709600486848e-15, 1.5700924586837751e-15], [1.3322676295501878e-15, 1.1102230246251565e-15, 9.61481343191782e-16, 1.1644117316690922e-15, 9.61481343191782e-16], [0.0, 1.2851760658783268e-15, 1.0355470984145593e-15, 8.308148362110449e-16, 1.1801832636420706e-15]]}