{"model": null, "reduction_technique": "PCA", "latent_features": {"matrix_mxk": [[-0.358449941135617, 0.7472283502583913, 0.042125914496020246, -0.2860599927719286, 0.04271507292412473], [-0.08538086368546438, 0.48301777345444397, -0.24865332957121644, 0.032966355482999074, -0.259503251728166], [0.09966265204730268, 0.30443380004850634, -0.01103790952901432, 0.6267290006062282, 0.1905790395003182], [0.23445535644545593, 0.1738509252071155, 0.05226387858069595, 0.33393091739413994, 0.35901058248202344], [0.25666610148883157, 0.15362688484487022, 0.6965247432258753, -0.09606205744491243, 0.13055388680690003], [0.2779079435485805, 0.1326268457761825, 0.37996702620554434, 0.11367379930240543, -0.10906664457623985], [0.2843505838096299, 0.1266387492516369, -0.18365356932717325, 0.2198255349760606, -0.28746912147278], [0.3249345618934348, 0.08849309855007191, -0.053488805683260546, -0.44950186249940605, 0.409026808452945], [0.3329462249366884, 0.08022901487153818, -0.3702493809748232, -0.2674389951953003, 0.34842832183002115], [0.3346652651911445, 0.07737712488423658, 0.15740226854954678, -0.2609613775162848, -0.5786964120542744], [0.35136855596755273, 0.06307188254916732, -0.2297522116583228, 0.017811565011407918, -0.12339247814561263], [0.35136855596755273, 0.06307188254916732, -0.2297522116583228, 0.017811565011407918, -0.12339247814561263]], "matrix_kxk": [1.4269437561147185e-25, 8.904498688389624e-27, 1.4171466062710518e-31, 5.013717316702222e-32, 3.3584822933390143e-32], "matrix_nxm": [[1.0, 0.9999999999999333, 0.9999999999998123, 0.9999999999996855, 0.9999999999996613, 0.9999999999996376, 0.9999999999996302, 0.9999999999995821, 0.9999999999995721, 0.9999999999995699, 0.9999999999995489, 0.9999999999995489], [0.9999999999999333, 1.0, 0.9999999999999694, 0.9999999999999084, 0.9999999999998952, 0.9999999999998819, 0.9999999999998775, 0.9999999999998496, 0.9999999999998431, 0.9999999999998419, 0.9999999999998295, 0.9999999999998295], [0.9999999999998123, 0.9999999999999694, 1.0, 0.9999999999999838, 0.999999999999978, 0.9999999999999716, 0.9999999999999696, 0.999999999999955, 0.9999999999999515, 0.99999999999995, 0.9999999999999435, 0.9999999999999435], [0.9999999999996855, 0.9999999999999084, 0.9999999999999838, 1.0, 0.9999999999999993, 0.9999999999999983, 0.9999999999999977, 0.999999999999993, 0.9999999999999917, 0.9999999999999909, 0.999999999999988, 0.999999999999988], [0.9999999999996613, 0.9999999999998952, 0.999999999999978, 0.9999999999999993, 1.0, 0.9999999999999998, 0.9999999999999993, 0.9999999999999959, 0.9999999999999946, 0.9999999999999944, 0.9999999999999919, 0.9999999999999919], [0.9999999999996376, 0.9999999999998819, 0.9999999999999716, 0.9999999999999983, 0.9999999999999998, 1.0, 1.0, 0.9999999999999983, 0.9999999999999973, 0.9999999999999971, 0.9999999999999952, 0.9999999999999952], [0.9999999999996302, 0.9999999999998775, 0.9999999999999696, 0.9999999999999977, 0.9999999999999993, 1.0, 1.0, 0.999999999999999, 0.9999999999999979, 0.9999999999999976, 0.9999999999999959, 0.9999999999999959], [0.9999999999995821, 0.9999999999998496, 0.999999999999955, 0.999999999999993, 0.9999999999999959, 0.9999999999999983, 0.999999999999999, 1.0, 1.0, 1.0, 0.9999999999999996, 0.9999999999999996], [0.9999999999995721, 0.9999999999998431, 0.9999999999999515, 0.9999999999999917, 0.9999999999999946, 0.9999999999999973, 0.9999999999999979, 1.0, 1.0, 0.9999999999999998, 0.9999999999999996, 0.9999999999999996], [0.9999999999995699, 0.9999999999998419, 0.99999999999995, 0.9999999999999909, 0.9999999999999944, 0.9999999999999971, 0.9999999999999976, 1.0, 0.9999999999999998, 1.0, 0.9999999999999996, 0.9999999999999996], [0.9999999999995489, 0.9999999999998295, 0.9999999999999435, 0.999999999999988, 0.9999999999999919, 0.9999999999999952, 0.9999999999999959, 0.9999999999999996, 0.9999999999999996, 0.9999999999999996, 1.0, 1.0], [0.9999999999995489, 0.9999999999998295, 0.9999999999999435, 0.999999999999988, 0.9999999999999919, 0.9999999999999952, 0.9999999999999959, 0.9999999999999996, 0.9999999999999996, 0.9999999999999996, 1.0, 1.0]]}, "task_id": "task_3", "task_output": [[2.4044949964739737, 2.4936663322448753, 0.001696412655566304, 0.0027244523569003865, -0.0012066741263424552], [2.4044949964747233, 2.4936663322451462, 0.0016964126555660264, 0.0027244523569006154, -0.0012066741263427883], [2.404494996475049, 2.49366633224514, 0.001696412655566082, 0.002724452356900456, -0.0012066741263423442], [2.404494996475193, 2.4936663322450396, 0.0016964126555658599, 0.002724452356900206, -0.0012066741263425107], [2.4044949964752096, 2.4936663322450157, 0.0016964126555663595, 0.0027244523569006224, -0.0012066741263427883], [2.4044949964752234, 2.4936663322449903, 0.0016964126555663595, 0.0027244523569003518, -0.0012066741263425662], [2.404494996475227, 2.4936663322449815, 0.0016964126555662484, 0.002724452356900213, -0.0012066741263423442], [2.404494996475247, 2.4936663322449273, 0.0016964126555661374, 0.0027244523569009554, -0.0012066741263427883], [2.4044949964752496, 2.4936663322449153, 0.0016964126555661374, 0.002724452356900789, -0.0012066741263423442], [2.4044949964752496, 2.493666332244912, 0.0016964126555663595, 0.0027244523568999007, -0.0012066741263426772], [2.4044949964752553, 2.4936663322448873, 0.0016964126555661374, 0.0027244523569006363, -0.0012066741263425662], [2.4044949964752553, 2.4936663322448873, 0.0016964126555661374, 0.0027244523569006363, -0.0012066741263425662]]}