{"model": null, "reduction_technique": "SVD", "latent_features": {"matrix_mxk": [[-0.2904059758733002, -0.08217311754306895, -0.7707358655306444, 0.3207517495953927, -0.019985827022743353], [-0.28073542715400346, -0.561340588906807, -0.343146875287408, -0.3994445464166361, 0.02488912364821224], [-0.27427206146008853, -0.7030123612931074, 0.4933025428736307, 0.24731582314644762, -0.015410084227944152], [-0.29090411274806804, 0.14295218564624385, 0.07060772497499186, -0.03542322358678655, -0.09166411937189904], [-0.2909041127686967, 0.14295218366198045, 0.07060771731495447, -0.4503825194601699, -0.03412184553958761], [-0.2909041127668376, 0.14295218384091582, 0.07060771803303637, -0.3030837168501548, 0.44615290190221696], [-0.2909041127668376, 0.14295218384090663, 0.07060771803163662, -0.27307991111127905, 0.25181136523331304], [-0.29090411276556394, 0.14295218396343218, 0.07060771850362534, 0.10495697090951896, -0.6584563159856344], [-0.290904112758531, 0.14295218463993625, 0.07060772107941403, 0.41843660672732663, 0.35542225470594446], [-0.2909041127705213, 0.14295218348665673, 0.07060771665482131, 0.14761329300666237, -0.18823347976493235], [-0.2909041127768298, 0.14295218287982675, 0.07060771433062284, 0.3027025295109324, -0.28910702364116775], [-0.29090411277659345, 0.1429521829025632, 0.07060771441611462, -0.0796366245989261, 0.21865778664831606]], "matrix_kxk": [138.32479141226798, 0.05187980799241255, 0.00012260170038173626, 9.24647181894287e-15, 2.2344944646177035e-15], "matrix_nxm": [[1.0, 0.972289516720859, 0.9457271739068854, 0.9903077463051897, 0.9903077464779843, 0.9903077464624117, 0.9903077464624117, 0.9903077464517437, 0.9903077463928329, 0.9903077464932682, 0.9903077465461111, 0.990307746544131], [0.972289516720859, 1.0, 0.9935951038649379, 0.9419536332732396, 0.9419536336240701, 0.941953633592453, 0.941953633592453, 0.9419536335707936, 0.9419536334511844, 0.9419536336551021, 0.9419536337623906, 0.9419536337583698], [0.9457271739068854, 0.9935951038649379, 1.0, 0.9158811275970024, 0.9158811279395328, 0.9158811279086637, 0.9158811279086637, 0.9158811278875164, 0.9158811277707377, 0.9158811279698302, 0.9158811280745807, 0.9158811280706554], [0.9903077463051897, 0.9419536332732396, 0.9158811275970024, 1.0, 1.0000000000000002, 0.9999999999999999, 0.9999999999999999, 1.0000000000000002, 1.0, 1.0, 0.9999999999999999, 1.0000000000000002], [0.9903077464779843, 0.9419536336240701, 0.9158811279395328, 1.0000000000000002, 1.0, 1.0, 1.0, 0.9999999999999999, 1.0, 1.0000000000000002, 0.9999999999999998, 1.0000000000000002], [0.9903077464624117, 0.941953633592453, 0.9158811279086637, 0.9999999999999999, 1.0, 1.0, 1.0, 1.0, 1.0, 1.0000000000000002, 0.9999999999999999, 1.0000000000000002], [0.9903077464624117, 0.941953633592453, 0.9158811279086637, 0.9999999999999999, 1.0, 1.0, 1.0, 1.0, 1.0, 1.0000000000000002, 0.9999999999999999, 1.0000000000000002], [0.9903077464517437, 0.9419536335707936, 0.9158811278875164, 1.0000000000000002, 0.9999999999999999, 1.0, 1.0, 1.0, 1.0000000000000004, 0.9999999999999998, 1.0, 1.0], [0.9903077463928329, 0.9419536334511844, 0.9158811277707377, 1.0, 1.0, 1.0, 1.0, 1.0000000000000004, 1.0, 1.0000000000000002, 0.9999999999999999, 1.0000000000000004], [0.9903077464932682, 0.9419536336551021, 0.9158811279698302, 1.0, 1.0000000000000002, 1.0000000000000002, 1.0000000000000002, 0.9999999999999998, 1.0000000000000002, 1.0, 0.9999999999999999, 1.0000000000000004], [0.9903077465461111, 0.9419536337623906, 0.9158811280745807, 0.9999999999999999, 0.9999999999999998, 0.9999999999999999, 0.9999999999999999, 1.0, 0.9999999999999999, 0.9999999999999999, 1.0, 1.0], [0.990307746544131, 0.9419536337583698, 0.9158811280706554, 1.0000000000000002, 1.0000000000000002, 1.0000000000000002, 1.0000000000000002, 1.0, 1.0000000000000004, 1.0000000000000004, 1.0, 1.0]]}, "task_id": "task_3", "task_output": [[-0.2904059758733002, -0.08217311754306895, -0.7707358655306444, 0.3207517495953927, -0.019985827022743353], [-0.28073542715400346, -0.561340588906807, -0.343146875287408, -0.3994445464166361, 0.02488912364821224], [-0.27427206146008853, -0.7030123612931074, 0.4933025428736307, 0.24731582314644762, -0.015410084227944152], [-0.29090411274806804, 0.14295218564624385, 0.07060772497499186, -0.03542322358678655, -0.09166411937189904], [-0.2909041127686967, 0.14295218366198045, 0.07060771731495447, -0.4503825194601699, -0.03412184553958761], [-0.2909041127668376, 0.14295218384091582, 0.07060771803303637, -0.3030837168501548, 0.44615290190221696], [-0.2909041127668376, 0.14295218384090663, 0.07060771803163662, -0.27307991111127905, 0.25181136523331304], [-0.29090411276556394, 0.14295218396343218, 0.07060771850362534, 0.10495697090951896, -0.6584563159856344], [-0.290904112758531, 0.14295218463993625, 0.07060772107941403, 0.41843660672732663, 0.35542225470594446], [-0.2909041127705213, 0.14295218348665673, 0.07060771665482131, 0.14761329300666237, -0.18823347976493235], [-0.2909041127768298, 0.14295218287982675, 0.07060771433062284, 0.3027025295109324, -0.28910702364116775], [-0.29090411277659345, 0.1429521829025632, 0.07060771441611462, -0.0796366245989261, 0.21865778664831606]]}